Timestamp,Choose the first option to start.,I'll start with the,"Luke, I am ","The teacher placed the brightest fruit on the table, pointing proudly at ",He bought that gorgeous lamp to serve as the,The light from the chandelier caught a glimmer of gold on,Bangkok is ,You can find many books on the ,The sunlight streaming through the window brought out the ,"The fox crept closer, staring intently at the ",I'm glad that you weren't bitten by,"When it comes to sound quality, I've never heard anything like","How can you make a perfectly juicy steak? To avoid overcooking, it's important to carefully control ","Being a first-time pet owner, Andy could not help but order the most premium brand for ","His gaze shifted to the desk, where a faint scribble trailed off beneath ",The waves crashed relentlessly against,The child rested her hand on,The key to the treasure was hidden beneath,"Josephine has many sisters, but she most admires the",I wonder if Amazon sells the,"After years of careful investment, she finally gained access to the"
12/15/2024 12:34:32,Choose me,soup of the day.,your father.,Mary's apple.,nightlight of the bedroom.,the woman's earring.,the capital of Thailand.,bookshelf of the eight-year-old boy.,colors of the Romantic oil painting.,rabbit's carrot.,the fangs of his gigantic pet snake.,Jason's headphones.,the steak's temperature.,Fido's kibble.,the student's pencil.,the Titanic's prow.,Bella's paw.,the parrot’s birdcage.,skills of the sister that loves to dance.,food of the guinea pig in the zoo.,big conglomerate bank's funds
12/15/2024 12:43:37,Choose me,soup of the day.,your father.,Mary's apple.,bedroom's nightlight.,the woman's earring.,the capital of Thailand.,eight-year-old boy's bookshelf.,colors of the Romantic oil painting.,rabbit's carrot.,his gigantic pet snake's fangs.,Jason's headphones.,the steak's temperature.,Fido's kibble.,the student's pencil.,the prow of the Titanic.,Bella's paw.,the parrot’s birdcage.,skills of the sister that loves to dance.,guinea pig in the zoo's food.,funds of the big conglomerate bank
12/15/2024 12:47:55,Choose mе,soup of the day.,your father.,Mary's apple.,nightlight of the bedroom.,the woman's earring.,the capital of Thailand.,eight-year-old boy's bookshelf.,colors of the Romantic oil painting.,rabbit's carrot.,his gigantic pet snake's fangs.,Jason's headphones.,the temperature of the steak.,Fido's kibble.,the student's pencil.,the prow of the Titanic.,Bella's paw.,the parrot’s birdcage.,skills of the sister that loves to dance.,food of the guinea pig in the zoo.,funds of the big conglomerate bank
12/15/2024 13:04:53,Choose mе,soup of the day.,your father.,Mary's apple.,bedroom's nightlight.,the woman's earring.,the capital of Thailand.,eight-year-old boy's bookshelf.,colors of the Romantic oil painting.,rabbit's carrot.,his gigantic pet snake's fangs.,Jason's headphones.,the temperature of the steak.,Fido's kibble.,the student's pencil.,the prow of the Titanic.,Bella's paw.,the parrot’s birdcage.,sister that loves to dance's skills.,food of the guinea pig in the zoo.,big conglomerate bank's funds
12/15/2024 13:09:04,Choose me,soup of the day.,your father.,Mary's apple.,bedroom's nightlight.,the woman's earring.,Thailand's capital.,eight-year-old boy's bookshelf.,colors of the Romantic oil painting.,rabbit's carrot.,the fangs of his gigantic pet snake.,Jason's headphones.,the steak's temperature.,Fido's kibble.,the student's pencil.,the Titanic's prow.,Bella's paw.,the parrot’s birdcage.,skills of the sister that loves to dance.,food of the guinea pig in the zoo.,big conglomerate bank's funds
12/15/2024 13:13:40,Choose mе,soup of the day.,your father.,Mary's apple.,bedroom's nightlight.,the woman's earring.,the capital of Thailand.,eight-year-old boy's bookshelf.,colors of the Romantic oil painting.,rabbit's carrot.,the fangs of his gigantic pet snake.,Jason's headphones.,the steak's temperature.,Fido's kibble.,the student's pencil.,the Titanic's prow.,Bella's paw.,the parrot’s birdcage.,skills of the sister that loves to dance.,food of the guinea pig in the zoo.,funds of the big conglomerate bank
12/15/2024 13:23:58,Choose mе,soup of the day.,your father.,Mary's apple.,bedroom's nightlight.,the woman's earring.,the capital of Thailand.,eight-year-old boy's bookshelf.,colors of the Romantic oil painting.,rabbit's carrot.,the fangs of his gigantic pet snake.,Jason's headphones.,the temperature of the steak.,Fido's kibble.,the student's pencil.,the prow of the Titanic.,Bella's paw.,the parrot’s birdcage.,skills of the sister that loves to dance.,food of the guinea pig in the zoo.,funds of the big conglomerate bank
12/15/2024 13:33:22,Choose mе,soup of the day.,your father.,Mary's apple.,bedroom's nightlight.,the woman's earring.,the capital of Thailand.,eight-year-old boy's bookshelf.,colors of the Romantic oil painting.,rabbit's carrot.,his gigantic pet snake's fangs.,Jason's headphones.,the temperature of the steak.,Fido's kibble.,the student's pencil.,the Titanic's prow.,Bella's paw.,the parrot’s birdcage.,skills of the sister that loves to dance.,food of the guinea pig in the zoo.,funds of the big conglomerate bank
12/15/2024 13:38:28,Choose mе,soup of the day.,your father.,Mary's apple.,bedroom's nightlight.,the woman's earring.,the capital of Thailand.,eight-year-old boy's bookshelf.,colors of the Romantic oil painting.,rabbit's carrot.,his gigantic pet snake's fangs.,Jason's headphones.,the temperature of the steak.,Fido's kibble.,the student's pencil.,the prow of the Titanic.,Bella's paw.,the parrot’s birdcage.,skills of the sister that loves to dance.,guinea pig in the zoo's food.,funds of the big conglomerate bank
12/15/2024 13:41:11,Choose me,soup of the day.,your father.,Mary's apple.,bedroom's nightlight.,the woman's earring.,the capital of Thailand.,eight-year-old boy's bookshelf.,colors of the Romantic oil painting.,rabbit's carrot.,his gigantic pet snake's fangs.,Jason's headphones.,the temperature of the steak.,Fido's kibble.,the student's pencil.,the Titanic's prow.,Bella's paw.,the parrot’s birdcage.,skills of the sister that loves to dance.,food of the guinea pig in the zoo.,funds of the big conglomerate bank
12/15/2024 13:46:12,Choose mе,soup of the day.,your father.,Mary's apple.,bedroom's nightlight.,the woman's earring.,the capital of Thailand.,bookshelf of the eight-year-old boy.,colors of the Romantic oil painting.,rabbit's carrot.,the fangs of his gigantic pet snake.,Jason's headphones.,the temperature of the steak.,Fido's kibble.,the student's pencil.,the Titanic's prow.,Bella's paw.,the parrot’s birdcage.,skills of the sister that loves to dance.,food of the guinea pig in the zoo.,big conglomerate bank's funds
12/15/2024 13:51:39,Choose mе,soup of the day.,your father.,Mary's apple.,bedroom's nightlight.,the woman's earring.,the capital of Thailand.,eight-year-old boy's bookshelf.,colors of the Romantic oil painting.,rabbit's carrot.,the fangs of his gigantic pet snake.,Jason's headphones.,the temperature of the steak.,Fido's kibble.,the student's pencil.,the prow of the Titanic.,Bella's paw.,the parrot’s birdcage.,skills of the sister that loves to dance.,food of the guinea pig in the zoo.,funds of the big conglomerate bank
12/15/2024 13:52:14,Choose mе,soup of the day.,your father.,Mary's apple.,bedroom's nightlight.,the woman's earring.,Thailand's capital.,eight-year-old boy's bookshelf.,colors of the Romantic oil painting.,rabbit's carrot.,the fangs of his gigantic pet snake.,Jason's headphones.,the steak's temperature.,Fido's kibble.,the student's pencil.,the prow of the Titanic.,Bella's paw.,the parrot’s birdcage.,skills of the sister that loves to dance.,food of the guinea pig in the zoo.,funds of the big conglomerate bank
12/15/2024 13:54:50,Choose me,soup of the day.,your father.,Mary's apple.,bedroom's nightlight.,the woman's earring.,Thailand's capital.,eight-year-old boy's bookshelf.,colors of the Romantic oil painting.,rabbit's carrot.,his gigantic pet snake's fangs.,Jason's headphones.,the temperature of the steak.,Fido's kibble.,the student's pencil.,the Titanic's prow.,Bella's paw.,the parrot’s birdcage.,skills of the sister that loves to dance.,food of the guinea pig in the zoo.,funds of the big conglomerate bank
12/15/2024 13:54:53,Choose mе,soup of the day.,your father.,Mary's apple.,bedroom's nightlight.,the woman's earring.,the capital of Thailand.,eight-year-old boy's bookshelf.,colors of the Romantic oil painting.,rabbit's carrot.,the fangs of his gigantic pet snake.,Jason's headphones.,the temperature of the steak.,Fido's kibble.,the student's pencil.,the Titanic's prow.,Bella's paw.,the parrot’s birdcage.,skills of the sister that loves to dance.,guinea pig in the zoo's food.,big conglomerate bank's funds
12/15/2024 13:55:25,Choose me,soup of the day.,your father.,Mary's apple.,bedroom's nightlight.,the woman's earring.,the capital of Thailand.,eight-year-old boy's bookshelf.,colors of the Romantic oil painting.,rabbit's carrot.,his gigantic pet snake's fangs.,Jason's headphones.,the steak's temperature.,Fido's kibble.,the student's pencil.,the prow of the Titanic.,Bella's paw.,the parrot’s birdcage.,skills of the sister that loves to dance.,guinea pig in the zoo's food.,big conglomerate bank's funds
12/15/2024 13:55:30,Choose mе,soup of the day.,your father.,Mary's apple.,bedroom's nightlight.,the woman's earring.,the capital of Thailand.,eight-year-old boy's bookshelf.,colors of the Romantic oil painting.,rabbit's carrot.,the fangs of his gigantic pet snake.,Jason's headphones.,the temperature of the steak.,Fido's kibble.,the student's pencil.,the Titanic's prow.,Bella's paw.,the parrot’s birdcage.,skills of the sister that loves to dance.,food of the guinea pig in the zoo.,big conglomerate bank's funds
12/15/2024 13:58:14,Choose me,soup of the day.,your father.,the apple of Mary.,bedroom's nightlight.,the woman's earring.,the capital of Thailand.,eight-year-old boy's bookshelf.,colors of the Romantic oil painting.,rabbit's carrot.,his gigantic pet snake's fangs.,Jason's headphones.,the temperature of the steak.,Fido's kibble.,the pencil of the student.,the prow of the Titanic.,Bella's paw.,the parrot’s birdcage.,skills of the sister that loves to dance.,guinea pig in the zoo's food.,funds of the big conglomerate bank
12/15/2024 14:05:20,Choose me,soup of the day.,your father.,Mary's apple.,bedroom's nightlight.,the woman's earring.,the capital of Thailand.,eight-year-old boy's bookshelf.,colors of the Romantic oil painting.,rabbit's carrot.,his gigantic pet snake's fangs.,Jason's headphones.,the steak's temperature.,Fido's kibble.,the student's pencil.,the prow of the Titanic.,Bella's paw.,the parrot’s birdcage.,skills of the sister that loves to dance.,guinea pig in the zoo's food.,big conglomerate bank's funds
12/15/2024 15:21:17,Choose me,soup of the day.,your father.,Mary's apple.,bedroom's nightlight.,the woman's earring.,the capital of Thailand.,eight-year-old boy's bookshelf.,colors of the Romantic oil painting.,rabbit's carrot.,his gigantic pet snake's fangs.,Jason's headphones.,the temperature of the steak.,Fido's kibble.,the student's pencil.,the Titanic's prow.,Bella's paw.,the parrot’s birdcage.,skills of the sister that loves to dance.,food of the guinea pig in the zoo.,funds of the big conglomerate bank.
12/15/2024 15:22:18,Choose me,soup of the day.,the father of you.,the apple of Mary.,nightlight of the bedroom.,the earring of the woman.,the capital of Thailand.,bookshelf of the eight-year-old boy.,colors of the Romantic oil painting.,carrot of the rabbit.,the fangs of his gigantic pet snake.,the headphones of Jason.,the temperature of the steak.,the kibble of Fido.,the pencil of the student.,the prow of the Titanic.,the paw of Bella.,the birdcage of the parrot.,skills of the sister that loves to dance.,food of the guinea pig in the zoo.,funds of the big conglomerate bank.
12/15/2024 15:40:13,Choose mе,soup of the day.,your father.,Mary's apple.,nightlight of the bedroom.,the woman's earring.,the capital of Thailand.,eight-year-old boy's bookshelf.,colors of the Romantic oil painting.,rabbit's carrot.,his gigantic pet snake's fangs.,Jason's headphones.,the temperature of the steak.,Fido's kibble.,the student's pencil.,the Titanic's prow.,Bella's paw.,the parrot’s birdcage.,skills of the sister that loves to dance.,food of the guinea pig in the zoo.,funds of the big conglomerate bank.
12/15/2024 16:25:42,Choose me,soup of the day.,your father.,Mary's apple.,bedroom's nightlight.,the woman's earring.,the capital of Thailand.,bookshelf of the eight-year-old boy.,colors of the Romantic oil painting.,rabbit's carrot.,the fangs of his gigantic pet snake.,Jason's headphones.,the steak's temperature.,Fido's kibble.,the student's pencil.,the prow of the Titanic.,Bella's paw.,the parrot’s birdcage.,skills of the sister that loves to dance.,food of the guinea pig in the zoo.,funds of the big conglomerate bank.
12/15/2024 16:33:30,Choose mе,soup of the day.,your father.,Mary's apple.,bedroom's nightlight.,the woman's earring.,the capital of Thailand.,eight-year-old boy's bookshelf.,colors of the Romantic oil painting.,rabbit's carrot.,the fangs of his gigantic pet snake.,Jason's headphones.,the steak's temperature.,Fido's kibble.,the student's pencil.,the prow of the Titanic.,Bella's paw.,the parrot’s birdcage.,skills of the sister that loves to dance.,food of the guinea pig in the zoo.,big conglomerate bank's funds.
12/15/2024 16:34:02,Choose mе,soup of the day.,your father.,Mary's apple.,bedroom's nightlight.,the woman's earring.,the capital of Thailand.,eight-year-old boy's bookshelf.,colors of the Romantic oil painting.,rabbit's carrot.,his gigantic pet snake's fangs.,Jason's headphones.,the temperature of the steak.,Fido's kibble.,the student's pencil.,the prow of the Titanic.,Bella's paw.,the parrot’s birdcage.,skills of the sister that loves to dance.,food of the guinea pig in the zoo.,funds of the big conglomerate bank.
12/15/2024 16:49:34,Choose me,soup of the day.,the father of you.,Mary's apple.,nightlight of the bedroom.,the woman's earring.,the capital of Thailand.,eight-year-old boy's bookshelf.,colors of the Romantic oil painting.,rabbit's carrot.,the fangs of his gigantic pet snake.,Jason's headphones.,the temperature of the steak.,Fido's kibble.,the student's pencil.,the prow of the Titanic.,the paw of Bella.,the birdcage of the parrot.,skills of the sister that loves to dance.,food of the guinea pig in the zoo.,funds of the big conglomerate bank.
12/15/2024 20:52:49,Choose me,soup of the day.,your father.,Mary's apple.,bedroom's nightlight.,the woman's earring.,the capital of Thailand.,eight-year-old boy's bookshelf.,colors of the Romantic oil painting.,rabbit's carrot.,his gigantic pet snake's fangs.,Jason's headphones.,the temperature of the steak.,Fido's kibble.,the student's pencil.,the prow of the Titanic.,Bella's paw.,the parrot’s birdcage.,skills of the sister that loves to dance.,guinea pig in the zoo's food.,funds of the big conglomerate bank.